sku;name;price;old_price;category;brand;stock;description;image;weight;capacity;volume;material;mount_place;warranty;fitment
TOWRUS-289255-SPORTAGE-QL;Фаркоп TowRus для Kia Sportage QL съёмный с электрикой;37900;41900;Фаркопы;TowRus;9;Комплект под Kia Sportage QL: съёмный крюк, электрика 13-pin, паспорт и сертификат.;https://cdn.towrus-trade.example/towrus/sportage-ql-1.jpg;21000;2000;;сталь;фаркоп;36;Kia Sportage QL
TOWRUS-289254-CAMRY-XV70;Фаркоп TowRus для Toyota Camry XV70 съёмный;31900;;ТСУ;TowRus;12;Съёмный фаркоп для Camry XV70, установка без выреза бампера.;https://cdn.towrus-trade.example/towrus/camry-xv70-1.jpg;19800;1800;;сталь;фаркоп;36;Toyota Camry XV70
TOWRUS-VESTA-NG;Фаркоп TowRus для Lada Vesta NG несъёмный;16900;19900;Фаркоп;TowRus;20;Несъёмный фаркоп для Vesta NG: 900 кг тяговой нагрузки.;https://cdn.towrus-trade.example/towrus/vesta-ng-1.jpg;16400;900;;сталь;фаркоп;36;Lada Vesta NG
TOWRUS-JOLION;Фаркоп TowRus для Haval Jolion съёмный;29900;;Фаркопы;TowRus;14;Скрытая балка, съёмный крюк с замком, вырез бампера не требуется.;https://cdn.towrus-trade.example/towrus/jolion-1.jpg;19200;1500;;сталь;фаркоп;36;Haval Jolion
BALTEX-CAMRY-XV70;Фаркоп Baltex для Toyota Camry XV70 несъёмный с вырезом бампера;19900;;ТСУ;Baltex;11;Классический несъёмный фаркоп, шаблон для выреза бампера в комплекте.;https://cdn.towrus-trade.example/baltex/camry-xv70-1.jpg;18200;1500;;сталь;фаркоп;36;Toyota Camry XV70
TOWRUS-LAND-CRUISER-150;Фаркоп TowRus для Land Cruiser Prado 150 несъёмный;48900;52900;Фаркопы;TowRus;4;Усиленная балка под тяжёлые прицепы: 3500 кг тяговой нагрузки.;https://cdn.towrus-trade.example/towrus/prado-150-1.jpg;26400;3500;;сталь;фаркоп;36;Toyota Land Cruiser Prado 150
EL-13PIN-TOYOTA;Электрика фаркопа 13-pin для Toyota (Camry, RAV4);59900;;Электрика;TowRus;18;Модельный комплект 13-pin: разъёмы совпадают со штатными фишками.;https://cdn.towrus-trade.example/electro/13pin-toyota-1.jpg;2100;;;комбинированный;фаркоп;24;Toyota Camry XV70;Toyota RAV4 XA50
EL-BLOCK-SMART;Согласующий блок для фаркопа (CAN-bus, 12 В);29900;;Электрика фаркопов;Baltex;24;Электронный блок согласования для автомобилей с CAN-шиной.;https://cdn.towrus-trade.example/electro/block-smart-1.jpg;900;;;;фаркоп;24;
EL-SOCKET-13;Розетка фаркопа 13-pin с герметичной крышкой;13900;;Электрика;Auto-Hak;33;Латунные контакты, влагозащищённая крышка, кронштейн в комплекте.;https://cdn.towrus-trade.example/electro/socket-13-1.jpg;400;;;;фаркоп;24;
BIZON-TIGGO-7-PRO;Фаркоп Bizon для Chery Tiggo 7 Pro съёмный;26900;;Фаркопы;Bizon;16;Съёмный крюк, скрытая балка, паспорт и сертификат.;https://cdn.towrus-trade.example/bizon/tiggo-7-pro-1.jpg;19600;1500;;сталь;фаркоп;24;Chery Tiggo 7 Pro
TOWRUS-RENAULT-DUSTER;Фаркоп TowRus для Renault Duster съёмный;27900;30900;Фаркоп;TowRus;19;Установка в штатные отверстия, ничего сверлить не нужно.;https://cdn.towrus-trade.example/towrus/duster-1.jpg;18400;1500;;сталь;фаркоп;36;Renault Duster
TOWRUS-TIGGO-8-PRO;Фаркоп TowRus для Chery Tiggo 8 Pro с электрикой 13-pin;41900;;Фаркопы с электрикой;TowRus;8;Усиленная балка и электрика 13-pin с блоком согласования.;https://cdn.towrus-trade.example/towrus/tiggo-8-pro-1.jpg;22000;2000;;сталь;фаркоп;36;Chery Tiggo 8 Pro
TOWRUS-TOYOTA-RAV4;Фаркоп TowRus для Toyota RAV4 съёмный с электрикой;40900;;ТСУ;TowRus;10;Комплект для RAV4 XA40 и XA50: крюк, электрика 13-pin.;https://cdn.towrus-trade.example/towrus/rav4-1.jpg;21400;2000;;сталь;фаркоп;36;Toyota RAV4 XA50;Toyota RAV4 XA40
TOWRUS-KIT-BOLTS;Комплект болтов для установки фаркопа TowRus;690;;Аксессуары;TowRus;48;Высокопрочный крепёж с гроверами и шайбами.;https://cdn.towrus-trade.example/towrus/bolts-1.jpg;900;;;;фаркоп;12;
AUTHAK-BALL-COVER;Заглушка защитная на шар фаркопа (2 шт.);350;;Аксессуары;Auto-Hak;70;Резиновые заглушки на шар 50 мм, комплект из двух штук.;https://cdn.towrus-trade.example/autohak/ball-cover-1.jpg;150;;;;фаркоп;12;
